TITLE,DESCRIPTION,PRICE,SHIPPING LOCATION,SHIPPING COSTS,STATUS
WIFI RC GW198 5G 2.4G Remote Drone W/ 720P Camera GPS FPV Brushless Helicopter,"
 Product 
 Item No: GW198 GPS 
 Brand Name: Global Drone 
 Frequency: 2.4GHz 
 Gyro : 6 axis 
 Flight time: Around 15—20 minutes 
 Charging time: About 240 minutes 
 Remote Control Distance: About 400 meters 
 Battery For Quadcopter: 7.4V 2000mAh lipo Battery (included) 
 Battery For Transmitter: 4 x 1.5V AA Batteries (not included) 
 Night Flight: Yes 
 Color: Black 
 
 
 Accessories:  1 x GW198 GPS RC Drone  1 x Transmitter  1 x 7.4V 2000mAh Battery(inside the drone)  1 x USB Cable  1 x English manual 
 Note:  The flight time may be less than 21 minutes in cold weather 
 Type Ready t.",$144.99,From China,$5.00 shipping,71 sold
Foldable Selfie Drone 720P HD Camera 2.4G Wifi FPV RC Quadcopter Helicopter Toys,,$26.59,From China,$1.99 shipping,72 watching
2.4G 4CH 6-Axis Gyro Hover HD RC Quadcopter Drone with WIFI Camera Drone FPV RTF,"Descriptions:Version:0.3MP  Folding FPV Camera DroneBrand Name: XGODYItem NO.:TX-1Color: GrayFrequency: 2.4G    Channel: 4CHGyro: 6 AxisQuadcopter Battery: 3.7V 500mAh Lipo (Included)Transmitter Battery: 3 x 1.5 AA Batteries (NOT Included)Charging Time: 60-70minsFlying Time: 7-9minsR/C Distance: 80-100m             Folding Size: 27x19.5x5cm/ 10.63x7.68x1.97""Unfold Size: 12.5x7.5x5cm/ 4.92x2.95x1.97""Package Weight: 360gFeatures:With foldable arms, small size, easy to carry.With altitude hold mode function provides stable flight.With wifi function can be connected APP, APK system to take pictures, video, real-time transmission through the phone camera image.There have 2 c.",$43.97,From China,$4.99 shipping,Only 1 left!
Wide Angle Lens HD Camera Quadcopter RC 2.4GHz Drone WiFi FPV Helicopter Hover,"Features:  -WIFI FPV with 2.0MP HD adjustable camera.  -With High Hold mode can set height.  -Headless mode,360 roll.  -6-Axis gyro quad-rotorcraft flight, strong stability,can easily implement various flight movements, stronger wind resistance, easier to control.  -The quadcopter can fly both indoor and outdoor.Including 4CH digital proportional RC system.  -Rechargeable high performance battery.  -Function:up/down,left/right sideward fight,forward/backward,turn left/right,with gyro/flash lights,A 360-degree 3D and special functions(continuous rolling)  Specifications: Item NO.: KY101 Remote control: 2.4GHz  Gyroscope: Six axis Channel : 4CH  C.",$43.99,From China,Free shipping,443 sold
Professional Wide Angle Drone HD Camera RC Drone WiFi FPV Live Helicopter Hover,,$52.99,From China,Free shipping,
Foldable 720P HD Camera Drone Wifi FPV App Control RC Quadcopter Toy Gift,,$24.00,From Hong Kong,Free shipping,738 sold
"New ListingDJI Mavic Pro Folding Drone - 4K Stabilized Camera, GPS","Model: DJI Mavic ProFeatures:The DJI Mavic Pro folds down as small as a bottle of water, making it small enough to bring with you everywhere.New OcuSync transmission system offers up to 4.3 miles (7km) of transmission range.Fly at up to 40mph (64kmh) or for as long as 27-minutes.True 4K, fully stabilized ensures smooth footageActiveTrack, TapFly and other smart features make professional looking video effortless.Obstacle Avoidance combined with sensor redundancy increases flight safety and reliability.Vision positioning paired with GPS and GLONASS ensures.",$535.00,,$86.95 shipping,
Aosenma CG033 6 Axis FPV Drone WiFi 1080P HD Camera GPS Altitude Hold Quadcopter,"Brushless Motor strong power to the quadcopter. Gyro:6 Axis. 6 axis gyro fly system makes more stable and flexible flight. Size: unfold:29X29X8cm,Fold:13.9X7.3X5.1cm. With Headless Mode,no need to adjust the position of aircraft before flying.",$183.99,From China,Free shipping,Only 1 left!
DJI Mavic Pro 2 - Hasselblad Camera - HDR Video - Brand New!,"The Mavic 2 offers iconic Hasselblad image quality on the Pro and a high-performance zoom lens on the Zoom.
 
 Hasselblad Camera
 1"" CMOS Sensor
 Adjustable Aperture
 10-bit Dlog-M
 10-bit HDR Video
 Hyperlapse.","$1,449.00",,$86.95 shipping,113 sold
Syma X5SW-V3 Wifi FPV Explorers 2.4Ghz 4CH RC Quadcopter Drone with HD Camera,"This RC quadcopter features a 6-axis gyro based on 4 channels to ensure a stable and fast flight. Moreover, it is built with headless mode so as to avoid the difficulty of identifying the head and tail when you start to fly.",$21.89,,Free shipping,
Air Selfie Portable Flying Camera AS01 DRONE for iPhone and Samsung airselfie,"・Compact body to fit in the palm, body weight is light weight 62g. Drone material. You can operate flight and shooting video and photos.",$109.52,From Australia,$24.98 shipping,
5MP Foldable Dual GPS Drone Selfie Camera 2.4G Wifi FPV Quadcopter Helicopter,Support viewing from APP. Supports surround mode. And the drone wil fly back to you when the power is going to run out. Auto hover. The drone can automatically hold its flying altitude even in windy conditions for stable taking pictures.,$94.55,From Hong Kong,Free shipping,102 watching
Foldable WIFI FPV RC Quadcopter Drone with 1080P 5.0MP Camera Selfie Drone,"High/low speed mode and 3d flip function provide you cool flying experience. - Foldable arm, easy to carry on and storage. Your support for us always. - Transmitter battery: 3 x AA batteries (Not included).",$42.29,From China,$2.99 shipping,32 sold
"DJI Spark Fly More Combo (Red) GPS Selfie Drone 1080p/12MP FREE DHL,IN STOCK EU!",100% New from DJI Authorized Dealer with Full Warranty Supported! Spark Drone x 1. Spark Fly More Combo (International Version with UK Plug) includes Spark & Mavic - Shoulder Bag x1. Spark - Propeller Guard x1.,$589.00,From France,Free shipping,17 watching
New ListingGoPro Karma with HERO6 Camera Drone,Karma Drone. GoPro Hero 6. Karma Stabilizer   Karma Harness. 4 Karma Battery.,$500.00,From Georgia,$20.00 shipping,
2.4GHz WiFi FPV 1080P 4K Ultra HD Camera RC Quadcopter Helicopter Drone,1x Quadcopter. 1xBuild-in quadcopter battery. Note: The real color of the item may be slightly different from the pictures shown on website caused by many factors such as brightness of your monitor and light brightness.,$43.60,From China,Free shipping,
Drone Professional With Pro Camera 4K HD RC Quadcopter Altitude Hold Helicopte ,"S9 is a micro foldable RC quadcopter intended for beginners, which bears the vivid resemblance of the latest DJI drone - Spark. Just unfold the arms of the drone manually, and you will be able to fly the drone without any difficulty.",$40.00,From Morocco,Free shipping,54 watching
Professional Drone WIFI full HD 4k Camera FPV RC Quadcopter Drone 2.4G aircraft,1x Quadcopter. 1xBuild-in quadcopter battery. RC Drone Professionnel Quadcopter Avec Réglable 720 p HD Caméra 0.3 w 2.4g WiFi Télécommande Vidéo RC Hélicoptère VS SYMA X52. LED Nuit Vision RC Drone avec Caméra 720 p WIFI RC Quadcopter 360 Roulant Sans Tête Mode Hélicoptère Jouets pour Enfants.,$58.00,From Morocco,Free shipping,23 watching
Walkera F210 2D FPV  Racing Quad -Camera Drone-5.8G-OSD-Ready to fly,"Walkera F210 Racing Drone. Not only is it tough, the F210 is a racer that has been designed like a Formula 1 car. so you know the F210 is fast, very fast! The F210 is a quantum leap forward in plug and play quad racer design.",$229.00,From Hong Kong,$35.20 shipping,13 sold
PGYTECH Camera Connector Adapter Mount Bracket For DJI Mavic 2 PRO/Zoom to Gopro,For DJI Mavic 2 Pro/Zoom. Do not turn on SPORT mode when using this accessory. We will serve you at best until you are satisfied. You may also like.,$9.99,From China,Free shipping,
Newa 8807W Foldable With Wifi FPV HD Camera 2.4G 6-Axis RC Quadcopter Drone Toys,"Material ABS Gyroscope Yes MPN Does Not Apply Function 3D tumbling action Remote control frequency 2.4GHz Remote Control range 50-100m Battery capacity 3.7V 500mAh Memory card type saved in phone Memory Dimensions 17 x 15 x 2.7cm ( unfolded ), 15 x 9.6 x 3.8cm ( folded ) Brand Unbranded/Generic Camera Features 2MP FPV support Model 8807 Color Black UPC Does not apply.",$42.99,From China,$5.00 shipping,130 sold
Wide Angle Lens HD Camera Quadcopter RC 2.4GHz Drone WiFi FPV Helicopter Hover,,$35.99,From China,Free shipping,Only 1 left!
New ListingDJI Mavic Air 4K/12MP Arctic White Drone - NEW!,,$690.40,From Canada,,
DJI Spark Fly More Combo - Alpine White Quadcopter Drone - 12MP 1080p Video,"Model: DJI Spark Fly More Combo - Alpine White. DJI Alpine White Spark Drone. This DJI COMBO Includes The Settings option in DJI Assistant 2 or DJI GO 4;. Spark is the first DJI drone to feature new TapFly submodes, Coordinate and Direction.",$549.00,,$86.95 shipping,"1,308 sold"
New X5C-1 2.4GHz 4CH 6 Axis RC Quadcopter Drone RTF W/HD RC Dron Explorers US,"Built-in 6 Axis, stronger wind resistance and more stable, for both indoor and outdoor flight. Battery for helicopter: 3.7V 600mAh real capacity Li-battery. If item is defective after 3 months, you can still send it back to us.",$26.99,From China,Free shipping,107 sold
HK- Screwdriver Set Repair Tool for DJI Spark Mavic Pro RC Drone Quadcopter Fine,"Work perfectly for DJI Phantom 3 SE/Standard/Advanced/Professional, for Phantom 4/4 Pro/4 Pro   Plus/4 Advanced and for DJI Mavic Pro, DJI Spark other RC drone quadcopter. The hand grip adopt anti-slip design to improve the work efficiency.",$6.08,From China,Free shipping,6 watching
Landing Skid Float Training Kit Landing On Water For DJI Mavic Pro Platinum Part,Features:  100% brand new and high quality  Lightweight design won't bring drone heavy loading. Easy to mount and disassembly Landing is much safer for your DJI Mavic Pro on water.  Shock absorbing feet reduce impact when landing on the ground as extended landing gear. Also a training kit for a new pilot. Don't landing your drong on wave.,$9.59,From China,Free shipping,
DJI Phantom 4 Advanced GPS Drone with 4K 20MP HD Camera with Screen,"Model: DJI Phantom 4 Advanced with Screen
 
 1-inch 20MP sensor, 30-min flight time, forward obstacle avoidance, smart features and more. Advanced Aerial Imaging Technology.
 
 Features:
 
 Includes integrated tablet with 16GB of internal storage (with 9.5GB available), powered by Android, and a 1080p 5.","$1,499.00",,$86.95 shipping,102 watching
DJI Mavic Pro Fly More Combo Quadcopter Drone & 4K Gimbal-Stabilized 12MP Camera,,"$1,189.95",,$99.95 shipping,
DJI Mavic 2 Zoom - 2x Optical Zoom - FHD Video - Brand New!,"The Mavic 2 offers iconic Hasselblad image quality on the Pro and a high-performance zoom lens on the Zoom.
 
 2x Optical Zoom
 1/2.3"" CMOS Sensor
 48MP Super Resolution Photo
 4x Lossless Zoom FHD Video
 Dolly Zoom
 Hyperlapse.","$1,249.00",,$86.95 shipping,52 sold
Nano 8807W Foldable With Wifi FPV RC Camera 2.4G 6-Axis RC Quadcopter Drone Toys,"Specification:
 
 
 100% brand new with high quality 
 
 Optional Type: With Camera(30W) Wifi 
 
 Material: ABS   Electric Components 
 
 Color: Grey 
 
 Size(Folding): Approx.18x12.5x6cm(L*W*H) 
 
 Size(Unfolding): Approx.37x37x8cm(L*W*H) 
 
 Package Size: Approx.39x8.5x23.3cm(L*W*H) 
 
 Channel: 4 CH 
 
 Age: 14 or above 
 
 Battery: 900 mAh LIPO 
 
 Charging Time: Approx. 120 Minutes 
 
 Flying Time: Approx.13 Minutes 
 
 Signal: 2.4Ghz 
 
 Remote distance:Approx.
",$41.99,From China,Free shipping,Only 1 left!
ZEROTECH DOBBY SELFIE GPS DRONE+WIFI FPV+4K 1080P VIDEO+13MP CAMERA,ZEROTECH DOBBY introducing Video(EN) - YouTube. Dobby drone x 1. Dobby battery x 1. Video will open in a new window. High-Definition Video Capture. Type Of Battery LiPo 2S. Rated Energy 7.37Wh. Rated Capacity 970mAh.,$156.56,From Australia,$30.62 shipping,56 sold
17.5V 4A Car Charger Battery Charging Adapter for DJI Phantom 4 Pro 4 Pro+ Drone,"DIY Drone Parts. We are authorized distributor of DJI,Swellpro,Walkera,RadioLink Flysky etc. Input: 12V; Output: 17.5V 4A. Carry Case. We are behinde our products. We will reply you very quickly within 24 hours.",$14.10,,$1.99 shipping,731 sold
DJI Spark Fly More Combo - Sunrise Yellow Quadcopter Drone - 12MP 1080p Video,"Model: DJI Spark Fly More Combo - Sunrise Yellow. DJI Sunrise Yellow Spark Drone. This DJI COMBO Includes The Settings option in DJI Assistant 2 or DJI GO 4;. Spark is the first DJI drone to feature new TapFly submodes, Coordinate and Direction.",$549.00,,$86.95 shipping,
Yuneec Go3 Gimbal,"Comes with box never use just open to check the content
",$143.63,From Australia,$21.39 shipping,
SwellPro Splash Drone V3 Fisherman ,,"$1,329.05",,$111.70 shipping,Only 1 left!
Drone + 4 Battery RC Wifi FPV full HD 4k Camera Altitude Hold One Key Return,(2) Foldable Arm / Foldable Landing Gear;. -4 x Propeller Guide. -2 x Landing Gear. 5) One Key to Take Off/One Key Down/One Key to Stop;. 7) Ascend/Descend; Forward/ Backward；Turn Left/Right;Sideward Fly；Fine tuning;.,$60.00,From Morocco,Free shipping,17 watching
Fast-fold Landing Parking Apron Pad for DJI Mavic Air Pro Phantom 3 4 Pro Drone,"DIY Drone Parts. We are authorized distributor of DJI,Swellpro,Walkera,RadioLink Flysky etc. For all Drone. (Notice: Drone is not included in). 1 Landing Pad for Drones. High precision printing Outdoor Type Print Waterproof Sun-protection Not easy colour fading.",$15.80,,$1.20 shipping,74 sold
DJI Spark Fly More Combo - Meadow Green Quadcopter Drone - 12MP 1080p Video,"This DJI COMBO Includes The Settings option in DJI Assistant 2 or DJI GO 4;. Spark is the first DJI drone to feature new TapFly submodes, Coordinate and Direction. Before the update is complete, Spark will need to restart.",$549.00,,$86.95 shipping,118 sold
DJI Spark Fly More Combo - Alpine White Quadcopter Drone - 12MP 1080p Video,FLY MORE COMBO.,$549.00,,$99.00 shipping,
DJI Phantom 4 Advanced+ Quadcopter Drone with 4K60 Gimbal-Stabilized 20MP Camera,,"$1,459.95",,$99.95 shipping,
2.4G 4CH 6-Axis Gyro US HD RC Quadcopter Drone with WIFI Camera Drone FPV RTF,"Features: Foldable body, small size, easy to carry It has 2.0MP camera with take video and pictures 6-axis gyro with gyro calibration function Ascend,descend,forward,backward,turn left,turn right,hover,left sideward fly,right sideward fly, one key landing, 360-degree tumbler, etc.",$36.99,From China,$5.00 shipping,12 sold
DJI Inspire 2 Drone - Goes up to 58mph! - Comes with carrying case! - NEW,,"$2,999.99",,$86.95 shipping,292 sold
"DJI Mavic Pro Folding Drone - 4K Stabilized Camera, GPS",DJI Mavic Pro. 3 x 8330 Quick Release Folding Propellers for Mavic Drone. 16GB microSD Card.,$999.00,,$99.00 shipping,
Landing Skid Float kit Training Kit  Landing Water for DJI Mavic Pro Drone parts,1103074 Landing Skid Float kit Training Kit for DJI Mavic Pro Drone Landing on Water. Landing is much safer for yourDJI Mavic Pro /Platinum on water. DIY Drone Parts. Lightweight design won't bring drone heavy loading.,$23.99,,$3.00 shipping,97 sold
DJI Phantom 4 Advanced GPS Drone with 4K 20MP HD Camera - Brand New,Advanced Aerial Imaging Technology. Model: DJI Phantom 4 Advanced. It also allows you to capture still images while filming. The Phantom 4 Advanced inherits most of the functions of the Phantom 4 Pro.,$805.00,,$86.95 shipping,
Hover Drone 101 Wifi RTF 2.4 4CH US Helicopter Camera Drone with HD Camera FPV U,"Features:  -WIFI FPV with 2.0MP HD adjustable camera.  -With High Hold mode can set height.  -Headless mode,360 roll.  -6-Axis gyro quad-rotorcraft flight, strong stability,can easily implement various flight movements, stronger wind resistance, easier to control.  -The quadcopter can fly both indoor and outdoor.Including 4CH digital proportional RC system.  -Rechargeable high performance battery.  -Function:up/down,left/right sideward fight,forward/backward,turn left/right,with gyro/flash lights,A 360-degree 3D and special functions(continuous rolling)  Specifications: Item NO.: KY101 Remote control: 2.4GHz  Gyroscope: Six axis Channel : 4CH  C.",$41.54,From China,Free shipping,19 watching
1Set 1080P HD  100M Remote Control Underwater Drone Camera Undersea Detection 32,Material: PU.,"$2,861.99",,$278.78 shipping,7 watching
